wl,U4-U3,U4-U3_std,U1-U2,U1-U2_std,U2-U4,U2-U4_std,U2-U3,U2-U3_std,U1-U4,U1-U4_std,U1-U3,U1-U3_std
5.155021881364519e-06,1.0244960782647423,0.04814520891908833,1.0251291090478118,0.02148715264902242,1.5459072564118417,0.4764968601264167,0.63286062080332,0.23399804786509706,1.5466593493549827,0.3666003337407201,0.729687362414551,0.19384481364372236
5.136316758580506e-06,0.9940484837248373,0.04166856626893835,1.0187740298142103,0.013981804458847193,1.2122713646907126,0.1311909814728844,0.8250785625255403,0.09786474079455236,1.2423511310967896,0.12624259698761325,0.887669051229245,0.0800249646180833
5.117798082210356e-06,0.9963495300696725,0.04276650764216752,1.0169709599585324,0.010169394865615952,1.1488228197150474,0.08982092315911726,0.8754258559971351,0.07160142650073946,1.2090506612335736,0.09076226106701124,0.9109166793463097,0.05678243722797318
5.099455847812351e-06,1.0025891720127857,0.04465361742547229,1.0119258872312487,0.011766867412427464,1.0731371453268017,0.07242997210374984,0.9487669081829275,0.03908838279482797,1.1524801859586566,0.05448851798812597,0.9273243279606125,0.023370678400428536
5.081280505692121e-06,1.0024106110877284,0.04512418943817864,1.0109429203513605,0.011539290877378592,1.0775916066821725,0.06808671773224137,0.9384772778597542,0.0367618242777929,1.1633718751572681,0.05438253398474325,0.917269683209379,0.02209471677468267
5.063262051407946e-06,1.0026291630831505,0.04381765668418523,1.0117586905112486,0.01063488843330918,1.0805080307857855,0.06590158447124386,0.932763543440111,0.03514075868154197,1.165435635645065,0.05164747755516743,0.9105886783732062,0.020582607713466535
5.045390935265459e-06,1.0045638940426607,0.04346555014210096,1.0107940625206293,0.01004328196528067,1.090439197960304,0.06258837551946154,0.9254625021951444,0.03190193564570996,1.175508115680907,0.04974573158239016,0.902146388242359,0.018976750020503388
5.0276580623176415e-06,1.0055055153607002,0.042193993004895375,1.0123197086444238,0.010400131303872972,1.1056940958770454,0.059549356072766714,0.9163430002200463,0.03126725621946548,1.1976239218249563,0.049177159756045856,0.891103095882817,0.020354208748693065
5.0100543376174755e-06,1.0066919956692977,0.040600070148526304,1.010070036125587,0.009959142565293061,1.1193450862488503,0.058049108855759216,0.9089692569954898,0.030041446203920484,1.206476222524663,0.04632711695108026,0.8834327201139733,0.021031941116434045
4.992570666217944e-06,1.0081554982349925,0.040200357213852046,1.0089856746784844,0.009988860026396366,1.1340094089739394,0.0568052649810321,0.8988700575364759,0.028608425816930298,1.2149493669973452,0.043734592682243174,0.8722930062691883,0.022053657773818663
4.975197953172028e-06,1.0087425235348877,0.04065185898048495,1.00666284292079,0.010622359874643777,1.1482585632284283,0.05624260341789811,0.8851741358606413,0.0292615886182142,1.2330713639152613,0.04718303238395655,0.8599976322168061,0.021643548065171627
4.957927558280062e-06,1.0091975783249154,0.039033987133667986,1.0059065856654623,0.010141745141980345,1.1458188627322867,0.055733149353556444,0.8826678276849336,0.030206981065821526,1.234687736126608,0.05075354375866273,0.861825387944954,0.02074111813252911
4.940750841342378e-06,1.0101169868090991,0.039363913564380903,1.0040216445785148,0.00995745762117366,1.1321723099723933,0.05745300523590557,0.8896727434748546,0.02812104222946788,1.2202362537883025,0.0490391412064645,0.8703948869273026,0.017516858775305427
4.9236596169066615e-06,1.010999920851063,0.03985349830923996,1.0040233598040607,0.008889939605283385,1.1246732678929865,0.05814227657629993,0.8909646722917155,0.028242887455686594,1.2169242702281116,0.051040561864126005,0.8749936195045374,0.015777338142512153
4.906645699520595e-06,1.0111443991920046,0.039461777983906265,1.0035055080737183,0.008429370167704965,1.111678287631567,0.05753923022597479,0.8986118132168839,0.029364527544566615,1.206853873665416,0.05303119177580023,0.8849377871495276,0.014734983503397156
4.889700448984513e-06,1.0127033659491165,0.039203305980779146,1.0038222813807285,0.007570447866255461,1.092204910297018,0.05478730191191073,0.9158893781268667,0.029136315320595383,1.1822769973052785,0.05137861359539411,0.8994375377458801,0.01454413321835205
4.8728165893408e-06,1.0125564619528173,0.03951744959272491,1.0038806529355253,0.007899931803942922,1.0813302459052259,0.05414072137932444,0.9269242034302178,0.028063401527175506,1.1638906204415296,0.048067403964992705,0.90853045561279,0.01372245504173755
4.8559859351371415e-06,1.012536058289731,0.03913140511892294,1.0040805921036489,0.007907529799651427,1.0826068107514861,0.05279624601448294,0.9263662396165155,0.03041920195309515,1.1630016314770437,0.049736297841817136,0.9087046622253904,0.015670669035333394
4.839200755668571e-06,1.0124375860044799,0.038813892082956804,1.003558072871443,0.008695766274615114,1.08011406079613,0.05140078663139081,0.9279521349333436,0.03102808698861176,1.1560611104730665,0.05018063164105215,0.9109894934377938,0.01602150473175716
4.822454229724826e-06,1.0138570345129811,0.039112052133483594,1.0035568704130808,0.007217655626132937,1.0846010280435558,0.05112146577828558,0.9251777544839822,0.03169913472382144,1.1573146154786493,0.05015749333977264,0.9090068471944299,0.016102787787503625
4.805738171853591e-06,1.0146695632592226,0.03903839655664444,1.003411783766932,0.008059275059059652,1.0896584282338893,0.04932419380389156,0.922963918137548,0.03232467403142798,1.1595382798967635,0.050939169483343864,0.9065885991874753,0.016274789849180727
4.789046215591952e-06,1.016327669743807,0.0389818638930488,1.003622756307095,0.0079587767248867,1.0944603042214158,0.047978475459117015,0.9204548641938521,0.033364369685477846,1.1656677483251778,0.0527484206400423,0.9036651788188701,0.016924817698137286
4.7723706302349456e-06,1.0152189838515213,0.038887624536824164,1.0033466890125908,0.008094488397311868,1.0943903010240115,0.04444952441762033,0.9240050561330171,0.03213306113727251,1.1635335806301077,0.052362918780196686,0.9042050081620234,0.016836157211840133
4.7557050493196584e-06,1.0148398348840226,0.039418608645638946,1.003371613819244,0.007493985992986305,1.0985546577451193,0.04019299664395773,0.924743194222311,0.03362737041636788,1.1636920452694306,0.05453854814675703,0.9002638020911357,0.01963638325963237
4.7390426516358275e-06,1.0143964097363272,0.04009530867401676,1.002786564521178,0.008275818231377833,1.098610470053747,0.038501721155988454,0.9285258075724849,0.0342033959795329,1.1616851687838299,0.05577661500448105,0.900350197785863,0.020922728704666705
4.72237707072054e-06,1.0148512814983843,0.041124810639112476,1.0026436114699178,0.007944584973280057,1.1010043510459098,0.03837811143446518,0.9277899508943386,0.033208269387756215,1.1621389728958407,0.0558209369156961,0.8979183954049219,0.021464705836776357
4.705701485363534e-06,1.0138969102172193,0.04195104629407003,1.0019019073469502,0.007854674042797664,1.1068093435767639,0.03796661104763072,0.9251311155614412,0.031697767960387244,1.1662768803472021,0.0555018311437187,0.8932113545639584,0.02150305426228584
4.689010438596597e-06,1.0136498941140788,0.04233560795845648,1.0013810489921284,0.00802470409762581,1.1115015604520635,0.037010765763637855,0.9221635307081908,0.032566397964336476,1.1702480622398457,0.058251856039855374,0.8893983029645655,0.021869227692909547
4.672297109209467e-06,1.0130943853589174,0.042257764355573005,1.000737011887805,0.00836531353679878,1.1115653436574848,0.03895351908555603,0.9211460552878695,0.031243829481599407,1.17099874118788,0.05716437881174543,0.8907286036788878,0.01896991999926451
4.6555560402339324e-06,1.0120292520726748,0.04154700389036998,1.0010386708249188,0.008992958628933468,1.1120938979087027,0.04066742778279931,0.9205298491885643,0.028989920554428825,1.1733907087023339,0.05476054524881707,0.8919320925368339,0.016520293085071056
4.6387813199544325e-06,1.0107789292719382,0.04159568288590003,1.0003990004898913,0.009538736813279002,1.1134381168110319,0.04319566916226166,0.9195837335420656,0.027786102480826438,1.1795551511121745,0.05255826169022323,0.8926413992698369,0.015163922821890384
4.621967491402756e-06,1.0101461119386883,0.04148025111409336,1.0003451983258447,0.009806848028046586,1.113510454147153,0.045357597182517126,0.9185329261518049,0.0271526956951702,1.1834623677515408,0.05071178208937336,0.8897239157588006,0.013999103238683173
4.6051086428633425e-06,1.0104340718025708,0.04185151524010099,1.0002588545782447,0.009735845465070987,1.113445526638162,0.049962444733636834,0.9169872645467413,0.025432740268215976,1.189167906218088,0.04729624759054288,0.8883565292125509,0.013257639993366542
4.588200226862682e-06,1.0104975789795594,0.042218320348993595,1.0008175330419515,0.010168097816496502,1.1154943120055958,0.05517679506803332,0.9165189309163644,0.024288945578788603,1.1953427996512118,0.043833675057025956,0.8842420900603106,0.015464721793458732
4.571236786432564e-06,1.010330356557194,0.04334655467793246,1.0011434089279179,0.009952992868971373,1.1190048895330174,0.05907161553613511,0.9127620813556073,0.026245608137180063,1.201892796720463,0.04247868885478364,0.8803406454369563,0.019967382881887936
4.5542133193521295e-06,1.0091360456045066,0.04473229083544748,1.0020283492461848,0.00947853666768183,1.1257245917666667,0.06205502566896222,0.9093346926906096,0.02899283876552357,1.2084061942431965,0.04107206355382003,0.8804480299260597,0.026326902894040206
4.537124823400518e-06,1.0070225201408052,0.04749556898252535,1.0041169690889857,0.01054357488290798,1.1307635458905843,0.0684483524399823,0.9126592780981904,0.03155433164957569,1.2148770911116566,0.0390690060484491,0.8847866558913213,0.03321301421676614
4.519967205851572e-06,1.0036363247993747,0.04827086134098115,1.0051140597768091,0.011324700030206036,1.1393562818051417,0.07585100151277753,0.9145308462513855,0.03513694212201852,1.2248468381200401,0.03699143158679751,0.8879054949313269,0.041163762806611694
4.502735464484431e-06,1.0041488671229344,0.04560282431138243,1.0063993920640684,0.011613952444450109,1.1511308985151953,0.08091857553411733,0.910814264862496,0.04013387092054609,1.2273014952311967,0.0382846671595081,0.8864049909745282,0.04943745528659251
4.485425506572938e-06,1.0129774764949282,0.037370970785851644,1.0073186055507697,0.012768908728699336,1.1668300531505822,0.09299437416832225,0.9029800840043638,0.05128840486984265,1.232125441381473,0.04956033044717441,0.8879285375894883,0.06052216416765257
4.468032784643583e-06,1.0229379014769857,0.023835049401223874,1.0128193577173228,0.017543756193831764,1.1855943349817513,0.11915098662680673,0.8994672383906339,0.06677705096185028,1.231745544178204,0.07153878053853423,0.8929959615742342,0.07960282756496258
4.450554115464911e-06,1.0338157938546013,0.026646158394786842,1.012048499888615,0.018086915713694002,1.226824097702264,0.15030644040211694,0.8831639850933882,0.09090916428701348,1.2357496282855838,0.11628661883378916,0.8982275883479551,0.11389498609494542
4.432984951563412e-06,1.0801514907002432,0.06507743613968749,1.0124529986897872,0.029145480671065035,1.2922213940958658,0.198038906450695,0.8546902246296761,0.12552120253783575,1.2470981641476788,0.16870348863216653,0.9212651773997556,0.17965002305159425
4.41532165496028e-06,1.148369360736237,0.12540963535789104,1.0254571179840257,0.05329282901809875,1.4116054193877217,0.29887727299868405,0.7848536675291273,0.1709348997124946,1.300868928193074,0.24906398005577274,0.9504053085958224,0.2787005551086634
4.397560587676708e-06,1.1341995994786287,0.1745876351879513,1.0087571349798812,0.09954998288105261,1.5817392013845657,0.7114611978618792,0.671810887819488,0.18976982581986648,1.411443650217525,0.4253886483065205,0.92545343004931,0.3748144926846032
4.379698566481238e-06,0.9909900592236826,0.17102948807113424,1.0286699841486544,0.1606004579465643,1.7698611929533044,0.9123071655088109,0.5479388533522478,0.2179647539992536,1.5877365293557002,0.9307642684250129,0.7351555215922112,0.29191554418403004
4.361732408142416e-06,0.8218896584277839,0.21434906597198794,1.0075590673841446,0.3293728903586473,1.9113895050832914,0.7820676651641497,0.44982269662046037,0.20913059660075553,1.8794695475292922,2.727195104599097,0.5868130761945018,0.1937591581141687
4.343659384176135e-06,0.8897072366504042,0.23386017979826107,1.0273972677949572,0.24089148708037195,1.9676891450825882,0.2330119758828553,0.4029350246761932,0.1302453513758801,1.8493374084280794,3.8746953201785033,0.5196533890794353,0.11683906882100094
4.325475401856238e-06,1.3668086722207493,0.26719685963506423,1.0735477748999958,0.10643337345114351,1.7173618984004477,0.2590059906603096,0.4329928579231823,0.07645098315881486,1.4863925892298075,1.6859441130421877,0.6276602540302203,0.0844328059907509
4.307179096940672e-06,1.275922983342224,1.8851134053159377,1.0339276840866942,0.33225912430725246,1.3975824952149056,0.8056655258254058,0.5861458397875703,0.5796219801050965,1.2486261400633152,3.784504540815674,0.8496160887999817,0.21934258398394715
4.28876683145063e-06,1.234186388925667,2.261148271463673,1.000930271052439,0.19364199701005613,1.1615157724085714,0.42725025904182995,0.7660989406678633,0.6986763760153304,1.1150059833701085,1.9029482818134749,1.0786716578054278,0.2792785041243281
4.2702363316493575e-06,1.2585282229275512,1.5626411980003259,1.0278216113737426,0.059850138582941886,1.1008864253565258,0.24513635589373414,1.021808318721562,0.4804933753267968,1.055781552908023,0.8272561250794134,1.164655346478261,0.31622583013560573
4.251585778547451e-06,2.280718919676215,1.9759121811476072,1.020711754836704,0.035988770502726246,0.8614121653517302,0.42078615890140464,1.242988391526456,0.25882660783487477,0.9615660735818131,0.3134650097838367,1.242667499296064,0.39094006641856544
4.232812443660805e-06,2.625548275919419,1.7148058372423607,0.9860245121660796,0.044600548301842034,0.8433923847082654,0.43876943377258526,1.1167524084756946,0.3226304368901403,0.9512264283359632,0.17572600271997213,1.2587201571390683,0.37340404499014984
4.213914962747367e-06,1.9501586232398922,0.7153071132025838,0.9901471764931316,0.036952342099584624,0.9351922417876475,0.3456210865721779,1.0263645980562361,0.3691723995223979,1.0959170817581343,0.2138632150051562,1.254744363088709,0.4577173502819488
4.194890607323032e-06,1.0859600491329708,0.15334614876598707,0.9981906266799578,0.03083682348816458,0.9831183009129849,0.26236072210238415,1.0117044768319023,0.13310944005208675,1.1013607860144465,0.2621355117426156,1.3247221247067824,0.45323995252383065
4.1757389226404484e-06,0.8016141662559975,0.2219886644206429,1.0024843531482426,0.026185451562226843,1.026943793669238,0.20635904441938757,0.9954492995961992,0.04570593740141033,1.1047734537855585,0.23329649220918242,1.062136699277891,0.20196023776891367
4.1564571802155115e-06,0.7648187386137774,0.22923371965380396,1.0020552231431459,0.0238467380292398,1.0565283541438986,0.16798011015247796,1.0192335914029396,0.0428674485999532,1.1121204586679405,0.1837920355848964,0.9795586673975536,0.1401241761550965
4.13704492530087e-06,0.7763321824154112,0.21698012624666765,1.0011823896433114,0.022015447064058852,1.0718566321995304,0.14454071565036472,1.022148708687736,0.04091451616500116,1.1213020741005053,0.14198937053405927,0.979244668161306,0.13579056360078035
4.117500793654472e-06,0.8062279108976564,0.19738570854853654,1.0008956597086935,0.020363821676495097,1.0830213675507063,0.12988467204895734,1.0168932269170898,0.037542670317661904,1.1362214634247876,0.11450080673318125,0.9795744240718818,0.12415436193951776
4.0978234210342634e-06,0.8323074773222667,0.17546584971859502,1.0002861251255317,0.018408587494404036,1.0924182872886687,0.11860380594621728,1.0063733173579412,0.03575796502176287,1.1554460891383322,0.09618569255794988,0.962209505756408,0.10306686522136345
4.078011897945544e-06,0.8549122530028104,0.15443567549029202,0.9998232236699831,0.016686804572857244,1.102759684730089,0.10857903721197049,0.9936098731448445,0.032405034461415766,1.1731208815467247,0.08069583714283526,0.9552625155668805,0.08917781329697835
4.058065769640962e-06,0.8773424302025894,0.13297795499218001,1.0002135030007429,0.015222897670993262,1.110106408633676,0.09677886919296744,0.9836830401256436,0.03153331779475817,1.1892961015722674,0.06807644864279949,0.9441985184378352,0.07581288983761139
4.037984126625815e-06,0.897724635120487,0.11326141886283957,1.0003710637717742,0.013761545672296469,1.1143061593483716,0.08461941601139043,0.9753851876333213,0.030626896122105188,1.2016575583786469,0.05740207228211692,0.9361643563539401,0.06372641600860834
4.017766968900105e-06,0.9167627072788562,0.09445306957927614,1.0006448563613173,0.013085449132270286,1.1189709442789488,0.07491680795710881,0.9658155023168375,0.029434679343589277,1.2104424351030159,0.048500464525829554,0.9259125260617135,0.0534508928065012
3.9974138417164795e-06,0.9330259533229612,0.07832172043803508,1.0010430082854227,0.012618138355935312,1.124944546486382,0.06609609511720553,0.9558239342921926,0.02918631129397999,1.2199676230599115,0.040827383301411835,0.9141555060078709,0.04641812360370491
3.976924745074939e-06,0.9468108238185904,0.06457731573106361,1.001186359116791,0.012562601694448831,1.1230189232250798,0.057707815562465646,0.9499724317565454,0.030727960193665648,1.2164414907124648,0.0344993141116712,0.9082748247642141,0.0426909460264674
3.956299678975483e-06,0.9575749318082594,0.05324741758595645,1.0007006720568725,0.012382684513579762,1.1173909407484608,0.05406696245709079,0.9491077505392991,0.029855028537472468,1.2061700633468913,0.02908442493277684,0.9067185199454537,0.03886338191558298
3.935538643418113e-06,0.9662923041510585,0.04370027629547793,1.0003930342835243,0.012572240349076051,1.118490719519095,0.05264120446514718,0.9446924324119552,0.029815109558699593,1.2039431386651298,0.02549451480004588,0.9015536973053018,0.03692704650562234
3.914642093150178e-06,0.9730344736968372,0.03558661308544623,1.000077985697907,0.012492287168072849,1.118521788845126,0.051640143634289454,0.9410724043150342,0.0299403540574432,1.2014526937222285,0.02369172132608153,0.8930827194205287,0.036287856509581176
3.893610937666381e-06,0.9782928855749375,0.028449826653962364,0.9998947520515775,0.012531519208652244,1.1185722195146734,0.052420716017163915,0.9373462776823511,0.0296305967870482,1.2002186236673824,0.022020707064815754,0.8860565448630149,0.03651227493798792
3.872445176966721e-06,0.9828378431103422,0.02184353282816976,1.00012937493894,0.012513235486653942,1.1213534536262526,0.05368850227085109,0.930787173024948,0.02896172286465656,1.203979761597605,0.021782978847537757,0.8770426044514892,0.03671754568032796
3.851146630040603e-06,0.9867249241676139,0.015798711157808492,1.0001847161653084,0.012486706084825425,1.1253400581728854,0.053590345118625725,0.9228167295189684,0.02942853664099288,1.210839236621033,0.02289822867706052,0.8671553971609722,0.03765556883010692
3.8297152968880255e-06,0.9896231600526508,0.010710128023237968,1.0002666706445311,0.01256284341558667,1.128013810428053,0.05397011391949574,0.9167720662251055,0.02911801116457201,1.2153865559820902,0.023331520633163804,0.8594808671436578,0.03752072616510641
3.808152541751042e-06,0.9917281047480533,0.007129970825935626,1.0002452026962392,0.0124667221561971,1.1301558442763562,0.05250093978194243,0.9122697834619558,0.02961325990033731,1.2179381232519209,0.02521027825441874,0.852951391831219,0.038460061009769
3.786460183619056e-06,0.9928352016159128,0.00443568110105759,0.999939525659375,0.012537120408556892,1.1311761681869301,0.05263594464847607,0.9092356176274895,0.02900361306677941,1.221529912050777,0.025710322601215255,0.8481499452784769,0.03918285233850287
3.764639131986769e-06,0.9925093733531452,0.002542902698866564,0.9996361997947787,0.012640949487452468,1.1347348328435518,0.05299919732799635,0.9032764460890624,0.028360126517710214,1.2282952800670568,0.02633727966469714,0.8409299318745188,0.040303084671293635
3.74269143321726e-06,0.9918434496706247,0.0010643868467275928,0.999576963944032,0.01291132478238177,1.1404331085388577,0.05350981472340658,0.8955696948853251,0.027442271468150356,1.2379084363188422,0.027846656919184178,0.8329607513541017,0.04119943222437199
3.720618451552582e-06,0.9915966636291562,0.0005392095337938428,0.9997279523436808,0.013235107604269106,1.141698216264261,0.05193894671859174,0.891342699077717,0.02813618650841942,1.2441786436234694,0.03112690483805865,0.8284922357995901,0.04344960729007583
3.698422460729489e-06,0.9906752195850541,0.0019134552590060708,1.0000181888647974,0.013743035623779404,1.1403429855482308,0.05340388877993089,0.8877705659749024,0.026718478841714535,1.2486759720957235,0.03236880979177013,0.8246034832713656,0.04369743164477995
3.6761055071110604e-06,0.9903487351121929,0.003199632434487263,1.0008649666891867,0.0143262687508627,1.1420301006604352,0.0530961873259342,0.8798789248788095,0.0260305082960602,1.2581045692854054,0.03461843413158639,0.8161603244826767,0.04339270235629439
3.653669637060375e-06,0.9898880370938586,0.004676751922837477,1.0011205222275075,0.014970085984758037,1.1451978737806592,0.053308751406975434,0.8738445618509483,0.025142415552570366,1.2692751552321213,0.03757923624231875,0.810211269637211,0.04277032714357525
3.6311173516878625e-06,0.9896001666317742,0.005906316327667907,1.0013978140935178,0.015357172366198565,1.148198843334098,0.05320109898305312,0.8676337143739956,0.025372437028455326,1.2828399277114015,0.0417717540877212,0.803570658396022,0.0427522342595047
3.6084513794776285e-06,0.9893019507453583,0.007270310649695089,1.0012070879635406,0.015533466452785982,1.150762983457445,0.05589889457654103,0.861011008980274,0.023932366603208494,1.2905613937254874,0.04488490639090498,0.7967296768115282,0.04166902302060385
3.5856742215401027e-06,0.9891096351675195,0.008371244786099229,1.0012406158054388,0.015643774485692534,1.1578529001703242,0.056545214863443244,0.8526431446525038,0.024343857325570158,1.3041435454153847,0.04921275893180217,0.7884175645661748,0.04218109372791708
3.562788833733066e-06,0.9891873757377934,0.0091974548586564,1.0011165673603601,0.015839760984000237,1.158986567582878,0.05634810848356894,0.8504559757450247,0.02533226311602561,1.30725900841635,0.052099815336276396,0.7863822117293466,0.04336326884871898
3.539798171914299e-06,0.989372489527911,0.009587116533049356,1.0013240304620157,0.015903949360863895,1.1568029240622182,0.05682172911887225,0.8505761656519005,0.0254030483060611,1.3048203079340532,0.053348131171786266,0.7860710818052254,0.04368306346165119
3.516705419315258e-06,0.9893795113092847,0.009877846599661816,1.001386139004065,0.01597303709269517,1.1549966996317171,0.057278887513559994,0.8517818117749565,0.024899733866525196,1.2995349503196327,0.05269146293260801,0.786933410638241,0.04370855661050332
3.49351421391475e-06,0.9895796610818723,0.00984828457848361,1.0017286132564094,0.016294651106021695,1.1556520267083674,0.05552624495761209,0.8528559872235736,0.025626426525851575,1.3009556388204717,0.05189086726751871,0.7874717489015106,0.044362546067649694
3.4702277389442315e-06,0.9892872496572407,0.009862184308365449,1.0019462669811272,0.016658644825125336,1.1546972287457387,0.055167807808297775,0.854363134829748,0.025682127518561637,1.300560600602458,0.052344407733067776,0.7888846286783071,0.044918265893346264
3.4468498597561847e-06,0.9902425734205461,0.01006844815254338,1.001875699624649,0.01698858444629575,1.1585348890986533,0.05540584939788396,0.8518048775121888,0.025609981337899147,1.306219530303483,0.05474197377460584,0.787297228046365,0.04592983898363926
3.423384214329417e-06,0.9909630492555881,0.010609177603768876,1.0020284984744807,0.01717219376076171,1.1652898736340538,0.054774382083934835,0.8473549707169953,0.025894709502358077,1.3163885796510875,0.058021348728924595,0.7835810496392693,0.04773476455460866
3.399834895390086e-06,0.9918837582195522,0.010861540238614806,1.002187169800179,0.0173915004822489,1.1696463240341841,0.05455771035852492,0.843982654390012,0.026588216855814358,1.3245185557402548,0.061050480851545234,0.7805914724369569,0.04956699535607337
3.3762059956643498e-06,0.9930362835386184,0.011403424912506165,1.001997376207669,0.017515205372923597,1.1723484083607558,0.05548843909322129,0.8398765530410259,0.02723741403724197,1.3311293653702223,0.06411448247711792,0.7767671435870045,0.051808029855618894
3.352501835252042e-06,0.9936701782860451,0.011582606791126528,1.0012300277228996,0.01753586160066346,1.1786495313539607,0.055813590142053976,0.832554487501012,0.028295818336047864,1.3413782473804847,0.06713459790595933,0.7701311239308135,0.055215797740741215
3.328726734252996e-06,0.9941442576490855,0.011440561929441642,1.0003745190176894,0.017452121973760972,1.187743085026393,0.0561455788116564,0.8230471996435642,0.02920377207839549,1.352899403015207,0.0702727766659864,0.7646925677435419,0.05886586117907587
3.3048852401407203e-06,0.994578129537255,0.011715247414827096,0.9994915385265657,0.017375899817718546,1.1942142103036233,0.05685463372428024,0.8159785799415524,0.030788104175613316,1.359449759054275,0.07242395154735046,0.7608726201531935,0.06162095130028263
3.280982355136075e-06,0.9937413603705236,0.01240607949304756,0.9986044988804124,0.01772596603071117,1.1984687572108923,0.05849778124580329,0.8100715160412209,0.03185726603847562,1.3625063353774878,0.0745128654350182,0.757550454587093,0.06475426050389743
3.25702308145992e-06,0.9922497881588037,0.013649755091717005,0.997604026068817,0.018336727585655535,1.2040743943117955,0.0592267656460948,0.8020692863778851,0.03448810859722752,1.365442333018948,0.0743190358208027,0.753188697751289,0.0706542894222154
3.2330119665857637e-06,0.9914412044861713,0.0142330500872686,0.9968555514380939,0.019382849887316762,1.2121922961856768,0.05966173226375185,0.7965402654445665,0.037727754211000435,1.3677102991575572,0.07345144741803147,0.7486689201495004,0.07707044046404302
3.208954922229168e-06,0.9903258469758762,0.014135280632538084,0.9970218677801539,0.020561696348879305,1.220772191115322,0.062587445437334,0.7964282393528214,0.03790534213322624,1.36701546631961,0.07083731499805282,0.7456019686708633,0.07754683372025638
3.184856723237317e-06,0.9896576179370544,0.01397307096325566,0.9970390784806615,0.022221611319201518,1.227375729244092,0.06317178542912742,0.7997018530993703,0.03812213896796543,1.3717436448657607,0.0665425045093147,0.740049246730883,0.07390671986177506
3.160723053952097e-06,0.9891405280662227,0.01346006390765057,0.9971919962514367,0.023571402792021415,1.233112270389211,0.06281878336175789,0.8041381950584173,0.03900950857354212,1.3807284203743873,0.06397894520947066,0.7427161747900118,0.07098115336972899
3.1365600534627447e-06,0.9887723106294448,0.014912803631487916,0.9963047823277593,0.024715957694291316,1.2480980486289175,0.06576503552683374,0.8031053159750748,0.040161494887043285,1.3954995977353617,0.06435702075730712,0.7436428771531747,0.07414268324895688
3.1123729513637954e-06,0.9886412724909078,0.018696493942966134,0.9946772645386657,0.026094977156046174,1.2718925048631733,0.06773049363426495,0.7938861013230056,0.041658188021171765,1.4149726328238712,0.0669423791458782,0.736866255084232,0.08194379666886663
3.0881681141181616e-06,0.989158754821257,0.02333139172361543,0.9927216918993556,0.02767228851455976,1.2876167566323526,0.06497667167176258,0.7888840978927821,0.0473953503168327,1.4318494606498278,0.06760266078905752,0.7327912352435338,0.09102843938179822
3.06395168081508e-06,0.9911428026117326,0.026519112282280783,0.9929415855140995,0.029211226918101674,1.291718375352756,0.06269236046657707,0.7954259516775535,0.0526148305819086,1.434034790849195,0.06040850457791822,0.7411409585357882,0.0910101449713524
3.0397300179174636e-06,0.9951946543506878,0.030979634081336457,0.9959391670595364,0.030788310936272028,1.3072391800597085,0.06389376409619801,0.8053923842189782,0.05776185497934214,1.4393815634032574,0.04970450875435314,0.7526302338038229,0.08551979146423817
3.0155092645145487e-06,1.0003794614188506,0.03344812823405536,0.9998123265971949,0.03254393040425332,1.3253481527072697,0.06357575700961147,0.8171518558179386,0.0636685365357796,1.4670042204957507,0.04262100404123216,0.7663429973383056,0.07985376801887872
2.9912964691902744e-06,1.00460249171633,0.033952345278496804,1.0036541927972897,0.034103085340630834,1.324774900052931,0.06403641122128959,0.8361601368518505,0.06893535546118075,1.4782713934972684,0.040669981217089306,0.7889719925873501,0.0765248153678786
2.9670982257812284e-06,1.0079129772943565,0.03385040001833245,1.0081424393208296,0.034564452673337576,1.3042708591059728,0.06609901564304939,0.860288673825685,0.07165024376865038,1.4609121592836436,0.042259358585266894,0.8189541660825537,0.0745776916765779
2.9429215828713495e-06,1.0105419964357611,0.03433833480262942,1.0118785130624528,0.03555160456345692,1.2697112653946876,0.0681403981204089,0.8745900919730543,0.07452404185440728,1.420759415185254,0.045478644761237925,0.8344783333700916,0.0760630802045923
2.9187735890445765e-06,1.0144113518744784,0.03646074961668616,1.0165783851237482,0.03739368877287151,1.21931320652459,0.07112337665326733,0.8999913126968377,0.08329868253531456,1.3505313352776602,0.04969462084079342,0.8614264225418788,0.08799974107777432
2.8946615202585235e-06,1.0299498250055956,0.046085679226284496,1.022728030901121,0.040726373668013766,1.1440393417716703,0.07537662246170132,0.9547094627430822,0.10473747741333496,1.248422279839971,0.0548021207254448,0.9304520134635608,0.11827834213860315
2.87059287984448e-06,1.0714803047305113,0.08448318998490185,1.030932711569632,0.045964969132649296,1.0416451757038245,0.08355384877468228,1.066160935769584,0.1489375117225024,1.0908690770759608,0.05918358801458338,1.0905055586690782,0.18098541875459945
2.8465749437600607e-06,1.1757615253513662,0.2530115496391715,1.034407143376206,0.05521712579270177,0.9238501689875867,0.10505147875532557,1.2438604132403552,0.22419549212453682,0.8755074026769816,0.0699289591846731,1.4412426585804488,0.3287727865772196
2.8226156700839056e-06,1.1538856440306975,0.4980157174937664,0.9747730463382198,0.029421767321842065,0.6745737034288501,0.12147254747492732,1.606847551965755,0.2849602208723796,0.5685631422540385,0.11212870400180876,1.9315479307149053,0.23153168919454992
2.7987232442683307e-06,0.9643546700367611,0.1869776835620451,0.9678659112322663,0.08462102945744819,0.927877208731875,0.11581829120775583,0.9819534213950405,0.0489682871187803,0.933470643524299,0.1876496362234443,0.9358830181096401,0.11804267640490335
