wl,U4-U3,U4-U3_std,U2-U1,U2-U1_std,U1-U4,U1-U4_std,U1-U3,U1-U3_std,U2-U4,U2-U4_std,U2-U3,U2-U3_std
5.155021881364519e-06,0.9824589735661193,0.019613073705881248,0.9331333238860606,0.09566448328249244,0.4595080115532181,0.4037634318264719,0.20361253236263926,0.08810473184295471,4.6337013689078725,0.9666065422378052,1.893217097242494,2.0083462931487044
5.136316758580506e-06,0.993868975729516,0.01622076348659953,0.96760172068064,0.06784781951736106,0.8954456064119247,0.3582969609166714,0.6536914034689179,0.1877828521085047,1.498331162128443,0.5774994944408537,1.2367938667072371,0.5202266301141032
5.117798082210356e-06,0.995132520876211,0.02160430756038219,0.9781723032712032,0.05281258570954206,1.0062204189664927,0.2770134639774947,0.7881544673025004,0.16937892775280225,1.2334645183120927,0.3568057287613922,1.029000178057866,0.32949515161431864
5.099455847812351e-06,0.9991820870062167,0.025224222345773525,0.9760819564004617,0.01473519347180546,1.1427985896238804,0.04899208940695709,1.0283975743919993,0.03741651566275482,0.9730990413100529,0.06502458304599307,0.8245915091363318,0.02242367276657024
5.081280505692121e-06,0.9969571401934207,0.026192952691121107,0.9766734297898101,0.015468858858698049,1.1784948367305068,0.06068494444741871,1.037109145483424,0.02191531393680905,0.9669759469494854,0.046095087566056646,0.8179543415279754,0.01600651584620478
5.063262051407946e-06,0.9960941180599814,0.02757709935378942,0.9768266669344241,0.014738989749868573,1.194514270700924,0.05846499829433828,1.0317981858308902,0.021287893472112063,0.9678499317762754,0.04277715896584165,0.8097792965891881,0.013578222322979483
5.045390935265459e-06,0.995813040760902,0.02813403764154741,0.9761957381136648,0.014048877160498806,1.21270498648417,0.05385154122672469,1.021122760049559,0.019210585177614457,0.9748208213897339,0.03917446183593399,0.7953257761791221,0.011100792452392478
5.0276580623176415e-06,0.9954033014603255,0.026862995387583674,0.9764558228461113,0.012845418491757804,1.2391693354792026,0.05472588610113687,1.0054407687058984,0.020675050985032323,0.9884337759713551,0.03601326872708445,0.7798967751629226,0.010439322674686108
5.0100543376174755e-06,0.9939771136695894,0.025827947335096482,0.9751342843853759,0.012652915062430218,1.2495007578367587,0.0552430863185889,0.9930358977642049,0.021689627560508098,0.9994289366620934,0.03352822110733623,0.7723543115264042,0.011504040792486651
4.992570666217944e-06,0.9945872049904307,0.0259743024509281,0.975590311844833,0.01153615154230451,1.2668382087627053,0.05562599495216651,0.9806594748201852,0.021909919961106254,1.0069512015341622,0.031050620811591628,0.7608414278586799,0.01286960251730463
4.975197953172028e-06,0.9939502734899994,0.02543689996009477,0.9753497730647778,0.011252972293052724,1.2854797430029032,0.056377989637439785,0.967584316198554,0.0228455081672127,1.0205222706413737,0.03245534561301896,0.7501836939113506,0.012746440531817595
4.957927558280062e-06,0.992714064266344,0.023570643367406004,0.975448955686758,0.01069116541066266,1.284154421241845,0.05745373684356616,0.9692722097780506,0.023840980812238483,1.0198514348596688,0.03469063654082018,0.7521679239701626,0.011255191314405916
4.940750841342378e-06,0.9923980807402231,0.023198084805796545,0.9745891846351749,0.010586847445498542,1.2697893663889888,0.05700988482923777,0.9769488078758445,0.020964646176961286,1.0133751553334647,0.03427504179979649,0.7619158764964118,0.010373563393065654
4.9236596169066615e-06,0.9927441801725719,0.023383943502265143,0.9758043657430158,0.010055196638050117,1.2702314476373424,0.059520328129747016,0.9856087327958001,0.0219102151882441,1.0054717141961138,0.03633801353704168,0.7642873220443762,0.008559547079717126
4.906645699520595e-06,0.9916146777167736,0.022603718326539204,0.975908648237553,0.010068109629066301,1.2593919222332288,0.05858956158087716,0.9967763167124342,0.024404507561481666,0.9960148998227702,0.03905792951629263,0.7728220245969032,0.00796219095524072
4.889700448984513e-06,0.9905714493201007,0.022131572971749197,0.9757715433240719,0.01009451822119001,1.2386853856421878,0.058079392828996754,1.0171803827960288,0.02623436796264378,0.9755118861117233,0.03744402382061659,0.7854104428410547,0.006434578044928368
4.8728165893408e-06,0.9896994634049311,0.02250607245561301,0.975760738944592,0.010028156624745143,1.2293791509706464,0.06039148595370545,1.0299114363777568,0.02702699090374513,0.9594993459748914,0.03567847523177049,0.7938818764596851,0.007634527931202404
4.8559859351371415e-06,0.9887660164655008,0.022563286504317503,0.976483063858426,0.010050891109557043,1.2369754639232857,0.06066229629797969,1.0346579532425482,0.03056512054848862,0.9548502316564792,0.034840135403001564,0.7877091557642586,0.0076654477981670174
4.839200755668571e-06,0.9872845226842895,0.022077915646833302,0.9766802215422716,0.009384316859483263,1.2440584559880659,0.06791213096754382,1.0508856396279436,0.03498983692259684,0.9409023579731022,0.03254137996662858,0.7836926277597485,0.007284458288900349
4.822454229724826e-06,0.9874316221947066,0.021293399812420864,0.9771525844514302,0.009433631264282911,1.2465710461718684,0.06980657480489322,1.0535997289529326,0.03430890226114429,0.93773376606389,0.031058761572654688,0.7802714145065562,0.009590086073217327
4.805738171853591e-06,0.9874066813033546,0.02043417634243704,0.9770140111692277,0.00818234207464128,1.2473154506378452,0.07068186746428305,1.0506445465118435,0.03620699121069344,0.9410403437313908,0.03071516276072038,0.7776231784362257,0.010634666467237892
4.789046215591952e-06,0.9871813728251393,0.02015985294914261,0.9776654536590301,0.007357770158417726,1.2390698172717622,0.0700784644422913,1.0382378360314057,0.03715019756763948,0.9517706319140833,0.029484560133783606,0.7813262192185539,0.011464426554759584
4.7723706302349456e-06,0.9871088715950659,0.019122608027208044,0.9779882912711484,0.006214074970692371,1.2351260918606293,0.0626912467416951,1.0366751491718884,0.03421116146230443,0.9554562326263434,0.02735461656995632,0.7761429672596276,0.012598308995806393
4.7557050493196584e-06,0.9873506423501337,0.018915820771139773,0.978428511903843,0.005076657474452179,1.2424890121132004,0.057843382752249886,1.0374651527421823,0.037170876690524234,0.9552815593244384,0.027020617144270166,0.7697770141702107,0.014610021277747628
4.7390426516358275e-06,0.9877732623332846,0.018974720423528175,0.9794235976465893,0.003439780010611219,1.251241130785385,0.05876232480838999,1.0442673609550717,0.04143676451482952,0.9472407765345303,0.026533629304522667,0.7666142621567127,0.014324432938996191
4.72237707072054e-06,0.9884984538592616,0.0188792032242852,0.9812397502395186,0.0023211477877358123,1.265880257308226,0.056968419386920856,1.0519153349774917,0.03994013369310188,0.9440682338897114,0.026365254215280985,0.7592955109169153,0.017431346183756243
4.705701485363534e-06,0.9885529507424387,0.01852294112286834,0.9815450487641088,0.001318131213627181,1.2913090497927528,0.06157024067291573,1.0628304889509974,0.042555163331115406,0.9386885394450832,0.027546322843214524,0.7496748008173524,0.01849610770980713
4.689010438596597e-06,0.9891271026706165,0.01789736931162537,0.9820165275916353,0.002158100711891881,1.298733676875182,0.06662489392468478,1.061436887418704,0.04863351880095354,0.9400359407493897,0.030059617276887895,0.748396825839733,0.01720046196056915
4.672297109209467e-06,0.9903199540869663,0.017050819072267003,0.9848172798815221,0.0035398426877592346,1.2901103881550489,0.06639472091495298,1.0530980699642596,0.04559251218748909,0.9555417495945127,0.03131487404615793,0.7579823912256322,0.018038220020996316
4.6555560402339324e-06,0.9905649394680724,0.016640716934015722,0.9877643693038587,0.004628537194561908,1.2812550412976942,0.06484995641678773,1.037827444442616,0.04175506505228377,0.9701807865241633,0.03453667808387074,0.768560485916983,0.021546877603361655
4.6387813199544325e-06,0.9908496370587684,0.016673263912857436,0.9882867942161571,0.005974804089969886,1.278541739405207,0.06864927520909878,1.0307508133592136,0.042964355255532743,0.9779892736730038,0.03630393471125184,0.776848074328625,0.022118041938497156
4.621967491402756e-06,0.991960722717193,0.01649226653770938,0.9889349308833225,0.007105104240504151,1.26553646276717,0.06900377638591752,1.016064595211533,0.04296396656315658,0.9882268609524216,0.040354580844023706,0.7854859807952441,0.02452555334706825
4.6051086428633425e-06,0.9924482711839955,0.018030757331666425,0.9895952164409612,0.008352062933927016,1.2588086115844597,0.07471568779051349,1.0061697848026532,0.04341708440295416,0.9939543101664772,0.04532568226814677,0.7909282585039699,0.028582066804157723
4.588200226862682e-06,0.9923215292285781,0.019553745145582738,0.9893873951126766,0.009999040182435635,1.2587031502264079,0.0844601547319018,1.002687315405261,0.045393578745216254,0.9994892114483762,0.047548436041479715,0.7931282345564177,0.03351162635067465
4.571236786432564e-06,0.9935470641355852,0.021379578158397437,0.9894403965207954,0.012379214613808304,1.258999776626312,0.09834329121786697,1.0015793043025947,0.0525864672042616,1.0085172008540098,0.04809931486523783,0.7917980798266807,0.04028364212697093
4.5542133193521295e-06,0.9954405325224258,0.023151411700909664,0.9900787794096304,0.015339761349527456,1.2515136693146998,0.10818427139086441,0.9911356040115564,0.058993666437972346,1.0249644559079947,0.05235936684493544,0.7985862249694561,0.0497054126092912
4.537124823400518e-06,0.9964102058956033,0.026433094671916724,0.9907344813690487,0.019825569435378953,1.245734233749515,0.12239376212002041,0.9881202814875573,0.06716648962817175,1.036451841048371,0.054797579346600706,0.8074205405965728,0.06109627747961711
4.519967205851572e-06,0.9960893391601218,0.02851726784587769,0.9901433992507636,0.02511880707477862,1.2435812108811057,0.13602611719198845,0.9789097886360005,0.07475704982563765,1.051427420715782,0.059283436972602806,0.8158580176959381,0.07202069692694393
4.502735464484431e-06,0.9968978480667341,0.030515865987417918,0.9864123607816645,0.030922495069813292,1.2320724258944256,0.14439940183409633,0.9574356340017302,0.08307466208955123,1.084491055085878,0.06737859959891053,0.820398240965633,0.08023201648460176
4.485425506572938e-06,0.9969311106120045,0.03284627980292499,0.9804862466033448,0.039483448158594066,1.218211507494945,0.16032119906929468,0.9299052327357682,0.09115445382420868,1.1199533404756101,0.07943664563523539,0.8266751458768029,0.08796578378225425
4.468032784643583e-06,1.021830741423583,0.04449163039600581,0.9738803778956536,0.05212799900468515,1.1953527432390578,0.18844864704441416,0.8997403661678929,0.10296730486854139,1.1600889582246676,0.10019760731775161,0.849310716353186,0.1038443515763982
4.450554115464911e-06,1.0706387934009456,0.07668026677562091,0.9674695676256786,0.06583957396570371,1.1834818718547349,0.2224108857805915,0.8445148561263687,0.12517687814812514,1.233870399489435,0.1468412287922959,0.8770535100236347,0.13733158461265005
4.432984951563412e-06,1.1390847579625922,0.12565905131051924,0.9612012264655245,0.07987941964050267,1.15944047216182,0.2717176486861902,0.77198872853016,0.16205040533617934,1.364673962489297,0.23491042374035614,0.9597055328630064,0.20434084107276765
4.41532165496028e-06,1.219872377800653,0.21815129097542948,0.9618191235678195,0.10788617073930529,1.1335143921581137,0.32691057551790054,0.6654621519453767,0.21267756212663275,1.6738432521332198,0.3982892467301134,1.1031795254742207,0.32409204802344227
4.397560587676708e-06,1.2655956735178704,0.36504249248522574,1.00704089664595,0.10947433577738863,1.099681716861652,0.42232141704038095,0.5434330205961623,0.23737426643987758,2.237558985883963,0.7434580428813067,1.3710811794655264,0.5115501058422807
4.379698566481238e-06,1.1104074209485961,0.33134014200616985,1.0443330165057987,0.15363474830506121,1.1086590098182174,0.3832122817854868,0.40119081834032155,0.20846941498496724,3.08033123631905,0.8552971672171225,1.288727079352287,0.5744865342198213
4.361732408142416e-06,1.0140781037959963,0.3309062541740673,0.9786527594033643,0.3928941328978585,1.223376503772574,0.33843063514486976,0.3163573306650898,0.14951999146308617,3.6158984197539485,0.9268345860356271,0.9988201007615574,0.6353483461986005
4.343659384176135e-06,0.9191784172325038,0.3565031543393575,1.0175841800769923,0.3475065115261663,1.100007498511498,0.07997874251640555,0.3336801282228659,0.0930111996291692,3.087838173393778,0.7979551253034314,0.9050921950193644,0.27373005198729927
4.325475401856238e-06,1.3306466849448761,0.37204812882763766,1.0925772002190448,0.2796825652160312,0.8872209386154606,0.31830326775266976,0.4898364467315379,0.10552138756753264,2.4041416397608533,0.5295360461407126,0.7325103513334137,0.04340177710758526
4.307179096940672e-06,1.3678132831249865,1.7632315145822461,1.1120594386684393,0.38611312945126475,0.7542164394047601,1.1649678644614487,0.7513558824551478,0.40946912135173025,1.7883934175414133,2.913599600743266,0.6239415378477615,0.3840298667191709
4.28876683145063e-06,1.2864380370837258,1.7300973796354617,1.0970401014228326,0.22956105875985464,0.6906460133396053,0.7342882551866943,0.8681972913985111,0.28533202376626815,1.5694765129007744,1.3631962110431646,0.6311400735951165,0.40739183457624756
4.2702363316493575e-06,1.2576746659222635,1.5426086634543321,0.982254939770272,0.1826111796402815,0.5737474537697131,0.2578251053171054,0.7811183025568951,0.15940484697612312,1.6707557732328797,0.896744222152609,0.9736451253130188,0.44878480874022475
4.251585778547451e-06,2.0248568664789435,2.0297418739808872,0.9396288621961945,0.15497981594493757,0.628188243579795,0.16513169597182986,0.6986765622576272,0.11826630142369422,1.688352153262715,0.5577980750192765,1.5747806011097412,0.4455386343281647
4.232812443660805e-06,2.785639280324964,1.8805744441692946,0.9703896947406101,0.09794639956817001,0.8111229952870551,0.2854413001120966,0.8027407444596732,0.2292116048224789,1.117177610196113,0.4035580530737372,1.7429033891193781,0.6317818869255771
4.213914962747367e-06,2.1406475163982366,0.778146520087517,0.9983655313496234,0.1618604611512723,0.9851764991004942,0.3287514631306077,0.9725965337821518,0.4265381093321059,0.9860534373723193,0.5085383256337744,1.4982474172000357,0.6479086598612277
4.194890607323032e-06,1.0546594618462848,0.10375456030575278,1.0038442817630493,0.1897294701263578,1.099156097618486,0.3087965563501569,1.0072536074625187,0.38808370093463945,0.9873455958227619,0.3204922125627433,1.2602494209315194,0.4378200755162651
4.1757389226404484e-06,0.8242230981397862,0.1404267850935477,1.011315326118876,0.19866691953280438,1.1857040155956295,0.2872084885389964,1.0338024286696341,0.31202962706127507,0.9751439187789654,0.20077155533168178,0.9009118048626393,0.15759749464812847
4.1564571802155115e-06,0.7843122662682394,0.1599087458576143,1.0207120369625378,0.19461869556548392,1.2044594140071763,0.26971450521718765,1.0839266510604764,0.26552209956262735,0.9670321277455403,0.13175445559386914,0.9444278971103006,0.16542059816317745
4.13704492530087e-06,0.7865571705801306,0.15843950163592915,1.0312491782195212,0.183926480118927,1.2245205643005135,0.2554108224095822,1.1280098779632275,0.23668172271913349,0.943965669940247,0.09500430687202344,0.9431803829729664,0.16864110321699533
4.117500793654472e-06,0.8132257838199004,0.14708451288264401,1.0398000917512404,0.16696583795066752,1.24939093505684,0.24078893213164668,1.1486433086500925,0.21394023172808568,0.9240191400428153,0.07655983259664668,0.9147291597140376,0.1475903628260072
4.0978234210342634e-06,0.8391257991003727,0.13079660407062887,1.0406252633331399,0.1449696232982514,1.2814949918283967,0.22394086539099334,1.1542157729293496,0.19386642680007227,0.9093275846351123,0.06614005691627657,0.8669433255809267,0.12195166141320024
4.078011897945544e-06,0.862742856009884,0.11417848542681416,1.0356535873625978,0.12150791649860888,1.312603587614428,0.20253871310204802,1.1475146782442047,0.17178370191518105,0.8986640224462112,0.06074117576248218,0.8361487075318796,0.1007209312866523
4.058065769640962e-06,0.8861667806838025,0.09673788125253668,1.0312370929912462,0.09790580631973875,1.3466944848236695,0.17910856353089588,1.147227415760962,0.15148480232030195,0.8895400829731378,0.05564591483800285,0.8050898514479112,0.08310766154531674
4.037984126625815e-06,0.9061794375682685,0.0803341117719136,1.0267771143322264,0.0774343113763042,1.3663723170027455,0.1558018891902023,1.140001817974085,0.13090546239513307,0.8837327996249444,0.05285236330731735,0.7791967230290848,0.06965105187272601
4.017766968900105e-06,0.9237572249645408,0.06469041740818057,1.0228954919757494,0.06111373476326006,1.3817294396675983,0.1380509807439552,1.1306836369142717,0.111282076827025,0.879985139994556,0.05125287668623229,0.7576027289891838,0.06013568612790018
3.9974138417164795e-06,0.937555507636817,0.0512960904664898,1.018808824661318,0.048624816558987226,1.3932629814144604,0.12217314505111487,1.1209317212815597,0.09435501044494835,0.8799631589053367,0.05075510971089777,0.7384483874632803,0.05329011847931079
3.976924745074939e-06,0.9484391548725699,0.03990774876565036,1.0143229306276773,0.03860189453175665,1.3961623972676653,0.10874426264029684,1.1171108892881647,0.08362644760441428,0.8795815845220633,0.04977355877883385,0.7253590830523409,0.04848760177305135
3.956299678975483e-06,0.9563590959130784,0.030400751406555095,1.0102054086816823,0.030902245547541125,1.3943579765244056,0.10146831699759502,1.1177620925249006,0.07350995960456719,0.8711141149825894,0.049005005766805394,0.719063960821659,0.04511845362533625
3.935538643418113e-06,0.9625921861091894,0.022908744459443565,1.0065668476769494,0.024951153038311535,1.4028825854152402,0.09820935274123661,1.1171290791706487,0.06683520387470272,0.8657071023823413,0.04847038694081381,0.7105041512240564,0.0423659634945259
3.914642093150178e-06,0.9661733265460433,0.016984229691059376,1.0029256533395277,0.019968258420043676,1.4088241108187671,0.09541421866513679,1.1166298545900677,0.06162320115580899,0.8606785882123809,0.047976786484097596,0.6987549495629698,0.040384037700009666
3.893610937666381e-06,0.9651868564625323,0.012453759769916218,0.9998924195494157,0.01575388622348931,1.4185057679461917,0.09455342684435593,1.1206827457923847,0.05588450853365351,0.8526715396954059,0.04699430552760797,0.6871448838690251,0.03899209953321014
3.872445176966721e-06,0.9643760908459031,0.009805843728170296,0.9974165258105279,0.011881244526815583,1.4362958676885578,0.09406295319972298,1.1265237649855395,0.04928344621846734,0.8465874712043439,0.04489686911190307,0.6742892013595536,0.037180707944749675
3.851146630040603e-06,0.9675039124079754,0.010051409642324163,0.9954949590206079,0.008160036321978297,1.4526741841168203,0.09041028803019796,1.1287704511227843,0.04328180747740775,0.8469285324213458,0.04314141565653986,0.6606014086115057,0.03651569154373554
3.8297152968880255e-06,0.9731385583191672,0.012255680248148767,0.994446137885776,0.005252880806606175,1.4685477829020952,0.0888084533557591,1.1323858889729772,0.03891926078150243,0.8448443213103833,0.041573693207890935,0.6501368593008019,0.035428151698182905
3.808152541751042e-06,0.9776012276856516,0.014736551704357753,0.9966032994401028,0.004603277940478536,1.4838118554247193,0.08502858929395361,1.1358672784853567,0.036488786208500594,0.8411930916323447,0.03996844960267884,0.6428944433478591,0.035077513556903396
3.786460183619056e-06,0.9803739687634085,0.017024678487294352,0.9964717482433533,0.005659258895232177,1.4968311095215603,0.08389663675039369,1.1401318363323512,0.033152092148678564,0.8375936264647086,0.039698186356801696,0.6390695477610753,0.03483945596199033
3.764639131986769e-06,0.9810403583260421,0.018578517506295276,0.9948197465952898,0.0074676339125790605,1.5104796953122692,0.0832065162500912,1.1390687809483513,0.029885103336118875,0.8351897563342228,0.040909908049133185,0.6321044857434777,0.03641416411024294
3.74269143321726e-06,0.9812697997806172,0.019601704116763888,0.9935930019900832,0.010028515490949743,1.5235710127070676,0.08416441405134305,1.1325230193114688,0.027874877458770497,0.8345320318930051,0.043228243405875506,0.6248603747940752,0.03816806230815847
3.720618451552582e-06,0.9816970482773547,0.020809152371267722,0.993044150920303,0.013004905959803878,1.5306241159255953,0.08111284861630075,1.1311631349038458,0.02666410584769935,0.8328221222163018,0.04432597118141367,0.6212216817672895,0.04094355471751848
3.698422460729489e-06,0.9819004320041275,0.021947846004471253,0.9927969190414568,0.016739022096168402,1.537632425166903,0.08326873973048282,1.1333470139459854,0.023330349998447505,0.8299224072281692,0.045502628565728814,0.6179317382079321,0.04167984485302225
3.6761055071110604e-06,0.9826566958346119,0.02348046017858146,0.9928777794951091,0.02075525438567567,1.5536088526006766,0.0832990698235585,1.1323742663314436,0.02150285294005119,0.8291778638533036,0.04421102708693144,0.6100445324555285,0.04156834950238459
3.653669637060375e-06,0.9831350259088625,0.02479154289207508,0.9936431570077089,0.025448065300586988,1.5721312424000422,0.08360482917570032,1.1342887258611696,0.019863061206426568,0.8294641596099347,0.04378360131261259,0.604854164478581,0.04141561143515838
3.6311173516878625e-06,0.9837881983698262,0.025869132876900684,0.9930047060846969,0.028824612871152996,1.5962794585150388,0.08306882193362627,1.1390717442515086,0.018734859956937144,0.825902415553775,0.04355053149768712,0.5964353614149032,0.042247580416648764
3.6084513794776285e-06,0.98410069054066,0.027039849780642007,0.992522909949456,0.031256916449294334,1.619367988299697,0.08873841526107863,1.1422158106874951,0.01697940298745905,0.8226338388301877,0.042986800405722066,0.5881494249591034,0.04136758042716108
3.5856742215401027e-06,0.984874402410249,0.0283048169648893,0.9925094807624348,0.033261823954536474,1.644412155463862,0.09224191143427724,1.1408836716855912,0.019161595000930245,0.8213754698586252,0.04125781432302381,0.5791333059161125,0.04106284750065511
3.562788833733066e-06,0.9850710122837145,0.02853721319190523,0.992842563169452,0.034005748888305536,1.6561650771970948,0.09167671065253805,1.1448994843271423,0.019943467477745516,0.8161885318052542,0.04187855040494812,0.5753795203964374,0.04228495064456265
3.539798171914299e-06,0.9856634482993083,0.029040767337638284,0.9932731233992789,0.03375853853315508,1.6687150550485312,0.0947037771785831,1.156873664654467,0.020560075541378824,0.8059996289942164,0.04180097758891077,0.571099056464605,0.04145398108191343
3.516705419315258e-06,0.9863796290435571,0.029905388800221366,0.9936281946567627,0.03318194761490803,1.6717123101550926,0.09474236093993986,1.1618192768292352,0.020566829657526573,0.8013118774832841,0.043349904167109474,0.5713766710830346,0.040702150582679016
3.49351421391475e-06,0.9873095444247121,0.030434477763143467,0.9927520139140551,0.03268458106243158,1.6775877820935041,0.0911436127808867,1.166022101470253,0.021842478376893282,0.7976042068771527,0.04520623031591649,0.5709799783645646,0.04074455906805827
3.4702277389442315e-06,0.9877520474853194,0.030901275670238294,0.991722535255508,0.03257992971498634,1.6825339299446198,0.08671945827265205,1.1736549925038728,0.019368972623564427,0.7922521156374862,0.04794670579840129,0.5708220396422978,0.04124382852632349
3.4468498597561847e-06,0.9884072876845467,0.0319536718411419,0.990533208959064,0.032977214683150104,1.6927307189704113,0.0865554592864195,1.1769554502856747,0.01812580521779127,0.7900762296987816,0.04951935398320162,0.5694545773866876,0.04129761554276168
3.423384214329417e-06,0.9892816221768619,0.03344166707389506,0.9894622393895739,0.033387043344575866,1.7007058062799456,0.0811041082318133,1.17102165737013,0.01697663580773402,0.7933783736133411,0.0519642829679392,0.5688077034211662,0.04329500811265151
3.399834895390086e-06,0.9900150518525,0.034324276233122446,0.9878838747996577,0.03424945256039197,1.7077777794312317,0.08052602080799241,1.1680111573866556,0.017770412723151486,0.7955701014256584,0.05230986976897562,0.5681308807140979,0.04441931589521284
3.3762059956643498e-06,0.9910393901885854,0.035443596426033126,0.9861926187542728,0.036400362154757344,1.7095144603044403,0.08082704275159475,1.163139992786949,0.01737259293153195,0.8007027387087653,0.05297324740493087,0.5686164941012168,0.04651284195747259
3.352501835252042e-06,0.9922524323305204,0.03652372038474074,0.9845345968308411,0.03863745371271069,1.7233399231056954,0.08090275969764975,1.1572059732649635,0.01845227934201318,0.8060459488211889,0.052955485666159284,0.566038829410602,0.048706232824407364
3.328726734252996e-06,0.9912736764726893,0.037501220604842754,0.9816939050034704,0.03904328814124907,1.7519850065432896,0.07987441274952738,1.154949406209761,0.01890086505259918,0.8072861728573033,0.05227939363934977,0.557709169226702,0.049132110853522766
3.3048852401407203e-06,0.9897152865235523,0.03821789177197568,0.979845031401013,0.039693196484388196,1.7749452011871876,0.07788389818358682,1.1581568510904714,0.017766733992341757,0.8073828299774665,0.05331299016775216,0.5505112058255579,0.05058096431691656
3.280982355136075e-06,0.9871633377506297,0.03915212803100177,0.9799825466822469,0.04120912956680112,1.797545791814623,0.07972223031736791,1.1605366771134666,0.01792781926356356,0.8066504136674204,0.05385134542478295,0.5447750231942381,0.05214978658974738
3.25702308145992e-06,0.9840453015719656,0.03967731706382928,0.9786083275297615,0.04051840231576909,1.8271612558944832,0.07731640698469265,1.1678186806147517,0.017898988628191587,0.8037391025322406,0.05579263124576913,0.5344898349602127,0.05528434893724061
3.2330119665857637e-06,0.9814403526337772,0.039469668506109105,0.9779661988617432,0.038320305606517197,1.8724778188663251,0.07285652602888937,1.1875591679892354,0.02119812199342964,0.7920753204971521,0.05532184172577158,0.5180574563341687,0.057163386739514065
3.208954922229168e-06,0.9793710897034016,0.039006965837128,0.9822226588940015,0.037344495458293346,1.9007214602995073,0.07005374305200972,1.2029553536477464,0.023950850488767557,0.7863407537104519,0.057447626443478644,0.5087384916781434,0.05772678948747129
3.184856723237317e-06,0.978654653722103,0.038814556575192,0.9899840384312939,0.03713939334754604,1.9135146599616732,0.0660466769691494,1.2037543870066292,0.027028417417663552,0.7875852182924696,0.05660718799358517,0.5069628480344109,0.05601039424998766
3.160723053952097e-06,0.9787612114325523,0.03932455700188773,0.9947602087905172,0.03736461364658346,1.9234424673901747,0.06130589811584369,1.2021549533392073,0.028736981237118812,0.7897967773243011,0.057189898757511334,0.5068387956820998,0.05552407491445278
3.1365600534627447e-06,0.9788690372056057,0.04120567436110891,0.990860200198427,0.03856547853424842,1.975722509521164,0.06887267464556024,1.2109209045539242,0.029728055244629403,0.7845220896710385,0.05753989121292056,0.4963545046650226,0.054607988609600575
3.1123729513637954e-06,0.978547100048833,0.044568064381446,0.98725097866112,0.03929027887836602,2.0496040079014826,0.07515524725399034,1.2148138631515653,0.025944504929978802,0.7790011984957403,0.059894308806200905,0.4791726999928584,0.05641800524997611
3.0881681141181616e-06,0.977953108887994,0.048432129364747334,0.9863370927659162,0.038767333557695224,2.111299674772739,0.07116515946082796,1.22708654322763,0.027204342759069078,0.7668646833739398,0.05865146133115881,0.46446881008649454,0.0595894623617742
3.06395168081508e-06,0.978611582755943,0.05109419550161085,0.9900749677132044,0.04047104531273135,2.1169633017729543,0.06559536803280946,1.2311255261634857,0.03160875803316621,0.7634948680069957,0.06307157650445981,0.4663463364993593,0.061224680556722914
3.0397300179174636e-06,0.9801913536566277,0.052813122455150366,0.9958745526336407,0.04959001676049695,2.0965909493810395,0.06980372784110368,1.2028104462860787,0.03784025824237833,0.7870335841023194,0.07662572846941687,0.48226024915431026,0.06250219694094916
3.0155092645145487e-06,0.9833691741143513,0.05293244678701398,1.003330314030448,0.061725115801332976,2.0789322018151095,0.07512757042561309,1.163563588144335,0.04432992936479326,0.8110850888691529,0.09288911570925276,0.5085412346132145,0.06730512457191812
2.9912964691902744e-06,0.9875645466061398,0.05266483020331168,1.0093271753599289,0.07351916818580463,2.040862505046118,0.08916559297603588,1.138919841099435,0.04926156721501753,0.8313612089843051,0.10544201542969919,0.5238672906408689,0.07552312438528165
2.9670982257812284e-06,0.9924799770812363,0.052755573077929246,1.013851520656476,0.0826842387743335,1.9593598907064063,0.10474417611652007,1.129899186539288,0.05125314423446531,0.8473588043392045,0.11262863248032313,0.5371162953390537,0.08567065182078043
2.9429215828713495e-06,0.9972731327298072,0.0536453180481741,1.0173166517154733,0.09058727329347825,1.8543055766265661,0.12668665723050285,1.1296400937565447,0.05313393038239086,0.8609969072663234,0.11756088711650556,0.5562703321151308,0.1017556817447424
2.9187735890445765e-06,1.0053967237364196,0.05675468761067089,1.0193175332445108,0.09752452923652345,1.706389318831972,0.1507278355382935,1.145380437494385,0.05912712527826551,0.8654738562080102,0.11888555242605042,0.58901828824234,0.1300091874405144
2.8946615202585235e-06,1.021944097127546,0.07158985839743656,1.0139891065064095,0.10487543675891808,1.4867468665491101,0.1668306508315374,1.1819898921072225,0.08136732247777013,0.8594490740407842,0.11204851899836404,0.6595240417808506,0.17921057608877197
2.87059287984448e-06,1.052235098913616,0.1280382525740445,0.9932846786707383,0.10854022967582976,1.1978524439118003,0.17770401479079362,1.254881153142842,0.14307968897308193,0.8408831434371754,0.09349415272737986,0.8116885420297786,0.26377649755699933
2.8465749437600607e-06,1.0729800280746127,0.38266969533624035,0.9497285968696163,0.07583484400785752,0.8857493813007535,0.18502590107750183,1.3664648055628903,0.23651633475877293,0.7307494163026554,0.1219284246915342,1.133335468781453,0.32617955111769653
2.8226156700839056e-06,0.9688402560133096,0.5258288756921907,0.9601051735777744,0.04921306610896975,0.6638963411809935,0.2057365206961675,1.4827067137342202,0.18221639942049353,0.4427842048926107,0.16871906117193058,1.4127022654195864,0.18919153365031427
2.7987232442683307e-06,0.9410478131656315,0.3170827232343627,0.9429043756273738,0.12987530504031644,1.3747571028433616,0.657990590270994,1.0347817291613692,0.7240328997955607,0.3933485850975955,0.1732040150513767,0.5667755662688595,0.16249522805110134
