wl,U3-U4,U3-U4_std,U2-U1,U2-U1_std,U1-U3,U1-U3_std,U1-U4,U1-U4_std,U2-U3,U2-U3_std,U2-U4,U2-U4_std
5.155021881364519e-06,1.0627336980366886,0.061572684566039954,0.9196025799262569,0.08848910054545998,0.2972971768626145,0.23644035196026134,0.31971663733276456,0.16183184171976797,3.1509607251019807,1.61259540298457,3.2520199245564196,1.4064803722922876
5.136316758580506e-06,1.0194693081728068,0.031288185562155554,0.9480673234902453,0.071222700990247,0.8034767972730958,0.25998392100200113,0.7710324095754322,0.2409129988037494,1.3683440359403622,0.5758614119475747,1.3940137662286793,0.6177736473750287
5.117798082210356e-06,1.0148119161062046,0.027848410772027488,0.957870773299119,0.06321308279947438,0.9226760046440245,0.21399384954154446,0.9166300543656833,0.20185776007150527,1.1447165929177916,0.36003799909783624,1.1346419896226525,0.3905156907800631
5.099455847812351e-06,1.0111901626959474,0.02421347579610364,0.9745027434939519,0.04999668195461806,1.0613044023539437,0.05942609512004531,1.1051731045753266,0.0570836196454178,0.9118077226056902,0.024276703462894643,0.8743841941905859,0.044817874009901795
5.081280505692121e-06,1.011229921873634,0.024145011458839766,0.9734032509361664,0.04960374336214285,1.090357372614057,0.04670902517828503,1.1486714007149121,0.05188017493973014,0.898530786250334,0.0061557934936719945,0.8603187924175513,0.02483215945207436
5.063262051407946e-06,1.0096694724908262,0.02404570234893764,0.97394223976524,0.04883433433100887,1.0953874233491758,0.04548204897429176,1.1509189058152915,0.05245189600725719,0.8964161898309039,0.005784391994117144,0.8593086369196546,0.024302173162651396
5.045390935265459e-06,1.0087967902563633,0.02535300137753268,0.9739066259801816,0.04817981665525449,1.096508403129738,0.046041144623045226,1.1526771062347305,0.05214300943757023,0.8926055728181621,0.006338850685022153,0.8565548505317443,0.025581688680047936
5.0276580623176415e-06,1.0085160687660677,0.024158632815837078,0.9760345396893546,0.04728801241435987,1.105146865760076,0.04669747415108337,1.1625259138244048,0.05362981327239555,0.8905435379505895,0.004121593490363282,0.8493800560906114,0.022385542773524662
5.0100543376174755e-06,1.0073930871345578,0.02347692668328347,0.9756935738836356,0.04715647667614547,1.1045356173085774,0.0463645559863202,1.1576189582512952,0.05310940629800109,0.8924511234121091,0.004584181095301823,0.8515464831159814,0.022618967593251833
4.992570666217944e-06,1.0069162129147966,0.023874919627126102,0.9758863496213676,0.046715945696876426,1.103937016759933,0.04676185438334646,1.1555790691045216,0.05280115870271136,0.8917880920260642,0.004833456420271745,0.8508300723081992,0.022897930011903316
4.975197953172028e-06,1.0062880640096967,0.023583876558845775,0.9766399375229665,0.04620059412007412,1.1031003153788324,0.04709373356469311,1.1539330447240688,0.05299668251192574,0.8927921065907416,0.005608269359965455,0.8499234983037522,0.022732625210564083
4.957927558280062e-06,1.0052470340220934,0.021536402895013726,0.9764354915475989,0.045596625500947154,1.1020308550844815,0.04684061437177738,1.1514616809263132,0.052860058109848396,0.8931655221079728,0.006604926744812286,0.8495076297331785,0.021574271114076223
4.940750841342378e-06,1.0047534992063984,0.021406514393917515,0.9769206565703376,0.04494920739141473,1.0952594174004986,0.047623607126304965,1.1437721860499126,0.05274310186117851,0.8943704814386875,0.0063856330145834065,0.8508085901163268,0.02382047842538557
4.9236596169066615e-06,1.0045709076601317,0.021114992623636808,0.9775564133300383,0.0438844403052632,1.097187353635821,0.04881091715272673,1.1459936384037794,0.05430900267973586,0.8916041168424662,0.006101543040331018,0.8478834902034251,0.02384440285860467
4.906645699520595e-06,1.003489728662348,0.020384767271637298,0.9773323448659887,0.04335738447249294,1.0955637393625595,0.05081642257219136,1.1442302518408256,0.056170886985333096,0.8903370888264261,0.005692334156406334,0.8461151214811019,0.025335020429507308
4.889700448984513e-06,1.003253289928002,0.019992739606491707,0.9762800114706915,0.043203405165962945,1.0963597581554558,0.05217614579071698,1.1469756688893522,0.05757118120824703,0.8881547543316186,0.005362077036115865,0.8443858856525208,0.023109673173149055
4.8728165893408e-06,1.0032569060048482,0.021466541356943276,0.9750969949821822,0.04275139526277658,1.097690925671646,0.05334767727811317,1.1477355667855584,0.06016069519081892,0.8867821829366738,0.005494224900505526,0.8434221799449853,0.023642252339519783
4.8559859351371415e-06,1.0023916932218517,0.022046345015113128,0.9749141367990455,0.04195389880052678,1.1057499571080718,0.05155960011704873,1.1553837763032255,0.06017636497072201,0.8821346314378542,0.004721067916449341,0.8392787147399092,0.02246631061841127
4.839200755668571e-06,1.0020974660718416,0.02207365550851074,0.9741769630474542,0.04108800045647721,1.1249189210430552,0.05217234948484732,1.1750305266952685,0.062444671984576566,0.8725123986880643,0.00902085162527277,0.8293262516120862,0.016568831660820346
4.822454229724826e-06,1.0027422353428475,0.022012786750258174,0.973818276254042,0.0401009967276884,1.129680961812459,0.05137168524884451,1.177994714815994,0.06104456843375749,0.8712591185187732,0.009785582987664248,0.8251367311414501,0.015460079403737326
4.805738171853591e-06,1.0031170656269612,0.022462879466678146,0.9746022456300498,0.03864253673463815,1.129221989828735,0.05122422666545658,1.1762182621636144,0.061742005294999874,0.8730804047892062,0.010464192408134697,0.825813886329307,0.01593959366756383
4.789046215591952e-06,1.0023603656883204,0.02170055290273732,0.9755399770596256,0.03759113398974909,1.1227679099762642,0.04933857906428907,1.1692727150153595,0.05942715369499033,0.882283241669847,0.012231592364985937,0.8314455462363141,0.014802648693571688
4.7723706302349456e-06,1.0013824686500428,0.021040896467675704,0.9761217687256121,0.03680575872837765,1.1148171971824659,0.048133484321608126,1.1614127927859355,0.05781014412416169,0.8842076976987634,0.00977257800317257,0.8305255419852529,0.017431550394024557
4.7557050493196584e-06,1.0011467182451308,0.02190259173954702,0.9765332400156341,0.03596544713206395,1.1144857054640962,0.04851298980453838,1.1622606151981123,0.059719851361587924,0.8834805944293433,0.01019323854268842,0.8274706875818978,0.018558832671755635
4.7390426516358275e-06,1.0007414062114548,0.022329098410624103,0.9775629242169882,0.03481138546207752,1.1234220530578973,0.048650014355482316,1.1735016149088242,0.06183220343438655,0.8801389352185749,0.010813935567928841,0.8230228299614051,0.017354003394028622
4.72237707072054e-06,1.0000147745618198,0.0221661726002186,0.9789888854474043,0.03331107901857528,1.1289512475574035,0.04948071627535441,1.17870937724877,0.06265168831738323,0.8710452152391774,0.010452721582348633,0.8147788983525792,0.020453373384656397
4.705701485363534e-06,0.9995768149708157,0.022807428184891808,0.980627480715212,0.03233264825165328,1.1424524772744715,0.0531748627062372,1.193928485248878,0.0669539127896601,0.8606931074155294,0.011000579571296132,0.8061345445995998,0.02075104249232968
4.689010438596597e-06,0.999356321580044,0.022612643613011844,0.9822115576283612,0.03119405893615192,1.1456387747662644,0.05626025179078547,1.1976418577084367,0.07016811296422838,0.863555555350461,0.013348736916546498,0.808731698719631,0.0190590693697994
4.672297109209467e-06,0.9990561350240624,0.02215429659978485,0.9853614797620132,0.030093227224607746,1.1307174191740854,0.05714062024507104,1.1805054141328921,0.0701619477003808,0.871633858963158,0.011821735055250165,0.8170432696108978,0.020862171978217277
4.6555560402339324e-06,0.998638375353171,0.02182280555153343,0.9877278384970132,0.02953692504692213,1.1136538210714735,0.05949662552812591,1.1625721903935082,0.07157864280471012,0.8786467454546031,0.013003031516202905,0.8256069620564007,0.024876039111370565
4.6387813199544325e-06,0.9979017685776091,0.022248262388002926,0.9891227964191702,0.029504849210764638,1.1090740904327592,0.06247835646821148,1.158037923704851,0.07484709888739237,0.8859744754118457,0.013884476738557493,0.8333277562033362,0.024591597950060058
4.621967491402756e-06,0.997706863421833,0.021633249327727377,0.9901543424062005,0.02923041546397646,1.0951000962495037,0.06474108040414112,1.1435125118493104,0.07743857080379794,0.8963431491363876,0.015438236511729028,0.8439571789030025,0.027245237958645453
4.6051086428633425e-06,0.9973771684834687,0.02228398782349459,0.9915076992072077,0.02881049310911136,1.0874504104090787,0.06826619767146305,1.1342864843675602,0.08204670081408456,0.9048112679297999,0.018164365681613847,0.8530824593578672,0.030267097138305613
4.588200226862682e-06,0.9963795115743219,0.021917151088524715,0.9909054741634663,0.02826263248835378,1.0855124409452823,0.07214695671231112,1.1318832281501177,0.08711712272673255,0.911997252884092,0.019576830149602157,0.8617543859749386,0.030614081811168595
4.571236786432564e-06,0.9953452928799078,0.02136791253452221,0.9911192171694219,0.027021707535126952,1.088164012249485,0.0777879388707525,1.132575145591049,0.09616690722714295,0.911739006065105,0.021822857688491504,0.8659826771392034,0.03153613656200154
4.5542133193521295e-06,0.9949954623361713,0.01989421194846221,0.9907420558532718,0.024771902688886144,1.0806182679332221,0.0824700179126303,1.1226708929580909,0.1041827471221477,0.9180811000793887,0.025351339042047453,0.8777574894977486,0.03585847423927183
4.537124823400518e-06,0.9945022810407933,0.019689289325007922,0.9909774670862632,0.02234553166369761,1.0806383702793316,0.08829835092763366,1.1184243524136075,0.11654595566659459,0.9183336618061475,0.029435464916549896,0.889424578041277,0.03983197733414528
4.519967205851572e-06,0.9925758141177949,0.0188724796028197,0.9898622601550305,0.020715846544417396,1.0739582696323944,0.09400795013886891,1.1126406193434935,0.12697765447466103,0.9220920386855634,0.03359239261333125,0.8977275211180902,0.04558177141770835
4.502735464484431e-06,0.9916924641921446,0.020060045824492653,0.9852578383943511,0.02204386049440953,1.0553205290573069,0.0973636485126818,1.0981371900034795,0.13555258386912702,0.93756698619662,0.03855970962799773,0.9134200669849624,0.05159287554966773
4.485425506572938e-06,0.9933006954453212,0.02249744795971281,0.9801528897678664,0.027305682189036454,1.039704045980502,0.10121346550747473,1.087721954741406,0.1420018111474199,0.9518116183545773,0.045304637896977494,0.9310647166053377,0.05947360415704979
4.468032784643583e-06,0.998909297236834,0.025633977326493383,0.9709123061449683,0.037414257694008794,1.0139752737340795,0.10612349753373809,1.0806630410731106,0.15240172039916888,0.9757198070160349,0.055081382671504746,0.9573825198714885,0.07029732472454644
4.450554115464911e-06,1.0047338253930724,0.0322992925147457,0.9611560047202352,0.04849876233536968,0.9830796389801113,0.11806844457899644,1.0575435870008154,0.16589951704967848,1.0238261534185518,0.07541962775050638,0.9969825712305809,0.09673771837588532
4.432984951563412e-06,1.0243289853838955,0.045600178948126624,0.9496889490441842,0.059760302159107125,0.9360929362926593,0.1326703012311674,1.0036112668018868,0.1904077596365916,1.0936845929861572,0.11472755320629824,1.0660856347136742,0.14644338886318886
4.41532165496028e-06,1.0429768757750988,0.06315091200187821,0.954490462826125,0.06653171209090275,0.8534431471718472,0.1520483086765267,0.9109803431619857,0.21126908308641815,1.2262140456874864,0.19142501922719649,1.2539030058106388,0.2631603759245274
4.397560587676708e-06,1.0729642902299545,0.13332092211668076,0.9610879361982378,0.06618733590932378,0.7937871248255619,0.187265347180388,0.8107934453135849,0.2583901117345322,1.418807138168651,0.28200133266439203,1.5870159978127734,0.451874078949054
4.379698566481238e-06,1.0851366806787572,0.1481020329750441,0.984351600692525,0.20402186039744338,0.765888386721135,0.2060623155627248,0.7000573008266988,0.24747019399258424,1.6476869287564253,0.42125306244588134,1.9206559423960545,0.6478887296532814
4.361732408142416e-06,1.0851605401043654,0.13863188043248123,0.9817878526478323,0.4475822229322658,0.7446103069577518,0.22109368792935263,0.6362873076240247,0.245479158742884,1.7211808256236116,0.5852531648487451,1.7286377763908811,0.7753887153108989
4.343659384176135e-06,1.111443500041409,0.12958483478776678,0.9406471747127043,0.30923720445390873,0.6781247004189239,0.1709697923268723,0.5900014723211184,0.151002723938944,1.663430816422712,0.34005421359612026,1.7114275258643894,0.6050593532075762
4.325475401856238e-06,1.1356986188886722,0.19232443122078968,1.1129144004625315,0.20853989046652327,0.6899155358183781,0.11768450891323777,0.6852426585007236,0.1528742453553358,1.4513907168719258,0.35215385379887787,1.599107319572447,0.18315611069482196
4.307179096940672e-06,1.0826933903109532,1.5840376488296428,1.0719474824556492,0.49913404516107246,0.6976643849591868,0.7971882078611423,0.8491062990519395,0.40551293192817195,1.5610329752943115,2.046309520328836,1.1900461422502429,0.5268666688219317
4.28876683145063e-06,1.0818966716476346,2.0177894207230245,1.0412383300976111,0.26989483755417865,0.7466072861360461,0.7004373998957255,0.8084293729868581,0.25619025198608736,1.5557505935540845,1.2382981480248907,0.9065135332758782,0.3640190219088686
4.2702363316493575e-06,1.0151506263276588,1.6584076073282372,1.0171885988420417,0.20023144809781193,0.7561548082865366,0.35416925865687693,0.7109042022859176,0.20326816246362736,1.7362115848510669,0.7375215543112048,1.179492599864545,0.23566299405262311
4.251585778547451e-06,1.0629003724751693,0.586845176232424,0.9444503184930987,0.13519240387291573,0.8132933643438394,0.2189643507165397,0.5476269697906471,0.24689720188170228,1.6568990097329492,0.5868536859112684,1.6353910682765833,0.33092539831401574
4.232812443660805e-06,1.0653525315237715,0.14369875640598262,0.9656081995938004,0.06700595049807469,0.8029278974425835,0.18606977696084281,0.6294233954839037,0.27273315818833127,1.3185870687085164,0.3655843550604725,1.3915095088466334,0.39962896565564465
4.213914962747367e-06,1.0271590464214309,0.10159858225872502,0.9599368142376963,0.13922229887720688,0.9227700401161412,0.19645876953308494,0.7447234972386264,0.06714156752596367,1.240248039284828,0.4038325679281637,1.2270685547260336,0.3263677485720273
4.194890607323032e-06,1.001520132921759,0.11193401085524929,0.9652452452781254,0.16993197860511908,0.9829656189158384,0.20188967096400784,0.8747678476962601,0.3342148953507332,1.0877820733830108,0.2352614545013926,1.0891813650960578,0.18401311432428635
4.1757389226404484e-06,1.0086890427273212,0.08060576860283121,0.9729188789904717,0.17958615463203037,1.0206259275015084,0.20155366970198593,0.943800751418425,0.3907733346274635,0.9817680116199154,0.2343327610601247,1.0213827485778708,0.15385405587665796
4.1564571802155115e-06,1.0051164455222068,0.059763269165129765,0.9825420215001268,0.17385700785976183,1.0462486752488958,0.19692441241824465,1.0135516844779922,0.32676073043829856,0.9413295490727542,0.2179545053481265,0.9651876984456338,0.1475003133129188
4.13704492530087e-06,1.0022405620251433,0.04978339457766869,0.9928957140613208,0.16016365296840382,1.0718073782537467,0.18934694128795126,1.0708878985386734,0.2801763729358285,0.9104576843402221,0.18847470101372812,0.9171570261730586,0.12392193414411487
4.117500793654472e-06,0.9980098628597598,0.04439064299283304,1.0007504693671858,0.14001697326433674,1.095623688556914,0.17970176838318838,1.1100800766095837,0.2512886548071823,0.8852349901262759,0.15934151680919945,0.8710547747196131,0.10051885087896233
4.0978234210342634e-06,0.9935653685847539,0.04141759278598562,1.004576045225637,0.11545920579259741,1.1181683784520897,0.16847610912113045,1.1433503171679322,0.23272293221968768,0.8636161906574857,0.13349644956463208,0.8310169952980425,0.08573578754738466
4.078011897945544e-06,0.9889130034441767,0.039867223695078946,1.0049850166720786,0.08973196061845566,1.137026963886556,0.15603761804027702,1.1635008813524614,0.21148765157308458,0.8463103795204643,0.11026239975494277,0.8134164427284407,0.06958113332173489
4.058065769640962e-06,0.9841832957735179,0.038440894251321814,1.003359848299132,0.06473098646561382,1.1590455918658686,0.14278139821042546,1.189064733166222,0.19236198496136622,0.8313491136783813,0.08934048807380393,0.7951236383290379,0.05707616005375195
4.037984126625815e-06,0.9799371359723601,0.03656265056861576,1.0007982125594952,0.04415610350166132,1.1722204534388372,0.1306087088150595,1.204741793908204,0.1716944582792203,0.8214795240192849,0.0720551864344772,0.7859452262084887,0.045755698740334916
4.017766968900105e-06,0.9783340477781917,0.035291163069631974,0.9974673144541577,0.028826859614655902,1.1826612402709198,0.1210672155295888,1.2179570342002983,0.15252491602975846,0.8144130692882525,0.05804249081720646,0.7794413693804964,0.03676687728314274
3.9974138417164795e-06,0.9772319851103805,0.03409292701970583,0.9931499205103342,0.019101431646821935,1.1894897183122515,0.11248554671508802,1.228562581048674,0.1352667066361849,0.8099500449239079,0.04781644678778765,0.7750889565604404,0.030708453058358957
3.976924745074939e-06,0.9771275479573651,0.0330975061330354,0.994216941482048,0.014937029475763345,1.1960349123089107,0.10609168815654436,1.2365680506662056,0.12124151219380457,0.806747620769374,0.04126896918305024,0.7722743432298975,0.027080627947145223
3.956299678975483e-06,0.9771265582779497,0.03185373233133111,0.9991525306099395,0.01511587274470601,1.2008537547390983,0.10179464170281782,1.2431068479378125,0.11082491201603759,0.8046098630172424,0.036235760306541846,0.76563783481039,0.02486343802486984
3.935538643418113e-06,0.9775312432249322,0.030724250985429895,1.0021070273679453,0.017434511921458017,1.2074705640139456,0.09930798567959168,1.2520780376354752,0.10299359234797507,0.8017617485739531,0.03285779194696925,0.7589313299053867,0.02351416261243611
3.914642093150178e-06,0.977821898485177,0.029669685345659228,0.998899245265148,0.02028609529177079,1.2126042799198649,0.09738905471622565,1.2595011438929409,0.09659250678865136,0.7990788500909929,0.030819654108161072,0.754073636300518,0.02243833084221759
3.893610937666381e-06,0.9781638112361065,0.02865345510773392,0.9966180374780368,0.02343594249587153,1.2212892176657637,0.0964227567884598,1.271131190280372,0.09002824567465428,0.7941268508226599,0.0289867540120256,0.747964791945297,0.021519376743844604
3.872445176966721e-06,0.9787481553335293,0.027609830162390037,0.9945765402004324,0.026703773290999173,1.2326989685498004,0.09501906083703987,1.2879293162670176,0.08211931783468555,0.7909237832457181,0.026198429969464445,0.7422137469276359,0.020182835843523938
3.851146630040603e-06,0.9786725189124272,0.026965930173949687,0.9929386292282498,0.030110408273396123,1.2416463544103182,0.09179953201332125,1.3016354815445648,0.0735167317765763,0.7905342727280922,0.024906993563561013,0.7366205120735861,0.019704467652645857
3.8297152968880255e-06,0.9783715158806046,0.02645492892472328,0.9919001931650879,0.033374310586377,1.2518106661898478,0.0905314361544175,1.3161743891323052,0.06701772701920286,0.7889538618382008,0.024082636830851472,0.7316923198149878,0.019820212717618916
3.808152541751042e-06,0.9782332328433301,0.026351062371200756,0.9909227777549721,0.03606479974773464,1.2616682897142915,0.08912793946843713,1.3291414255180278,0.06149840805155639,0.7864813087060416,0.024037251670801514,0.7273468031024628,0.02020773173695855
3.786460183619056e-06,0.9778682997885529,0.026044595611401024,0.9895775600222994,0.03843900382809383,1.270799314328651,0.08819146321816164,1.3405895598266584,0.057156711066433406,0.7843646725658191,0.02458968920181679,0.723025950559177,0.020560310082864852
3.764639131986769e-06,0.9775289001761889,0.025952083964559478,0.9879773199709363,0.04059033229744459,1.2778146940189068,0.087893591645423,1.3492780808368074,0.054749053042970466,0.781416134002191,0.02649658106277248,0.7195925355006342,0.022174355139552543
3.74269143321726e-06,0.9774431275005231,0.025865278592524632,0.9860333544589557,0.042653055877384285,1.2811912660953277,0.08903511798094468,1.3543235039147812,0.055159021982878996,0.7789345361418532,0.028390748519734953,0.7168692211290644,0.024108887656335214
3.720618451552582e-06,0.9767768240497732,0.026131228514829175,0.98391979061855,0.0446123309680828,1.283625213274163,0.08872989901322219,1.3612402075042527,0.05437124836230219,0.7781870084749087,0.03057177828989072,0.7152378231978628,0.02618877091535718
3.698422460729489e-06,0.9764119513226841,0.026377426909093313,0.9816423830283196,0.04698073052151262,1.2886469568486543,0.08913084945330266,1.3713755444892572,0.05323965723521038,0.7767317075698388,0.03246907115505967,0.7120029428634189,0.02834750154870598
3.6761055071110604e-06,0.9761479125342487,0.027160214383897652,0.9791544821894765,0.04954697800303426,1.2959556530841017,0.08920224885967673,1.3843997301898032,0.051025730855215695,0.7720732872695169,0.034261559698907255,0.7054422712713513,0.030879932290422865
3.653669637060375e-06,0.9756794622887881,0.02755792899893732,0.9768432550022755,0.05231122766630386,1.304293035137548,0.08907694188967905,1.3968642135599203,0.04856324497051617,0.7674922961131445,0.03517543252883983,0.6997944452979461,0.03287554437142566
3.6311173516878625e-06,0.9755002427118498,0.027981882525182668,0.9755521952876471,0.05450337083331992,1.3174792488854896,0.08827769137582567,1.415669893406767,0.045706143796964686,0.7610085241352081,0.03608298816924844,0.6920676702712092,0.03387704277941026
3.6084513794776285e-06,0.9753489451613929,0.028237280623878598,0.9749317013707985,0.05603936531156099,1.3308950152133034,0.08932534831722053,1.4293666054013225,0.04360985777763864,0.7534271337212808,0.03570308288463641,0.6844224158743116,0.03436923715021355
3.5856742215401027e-06,0.9750860595940383,0.028607881951079966,0.9749959058617372,0.05702722599782086,1.3415601490099336,0.0909736772669275,1.441653268791698,0.0427566878953918,0.7477963696260483,0.03446564298393089,0.6791458121315616,0.03373953646288179
3.562788833733066e-06,0.9749910485421063,0.02883457626277088,0.9764060217558341,0.057367129563685476,1.3503709212884623,0.09044488176718249,1.4536954050346966,0.04163334389473442,0.7440799641112341,0.03475718469385431,0.6769826177244938,0.033818074136118176
3.539798171914299e-06,0.97518539761583,0.029368252330794053,0.9781320054258228,0.057055988213142235,1.3633895284628936,0.09201775714061335,1.4700242630862292,0.04117988876892982,0.7370428013058641,0.03401982149351855,0.6716288645467545,0.03317274846874312
3.516705419315258e-06,0.9750482596026271,0.02981516307007178,0.9804004158367083,0.05653302516332481,1.3684287053354478,0.09198943490044936,1.4785419102410913,0.03992242161196915,0.7342630504242869,0.034146675288143566,0.6703414545243518,0.03380203260893335
3.49351421391475e-06,0.9749609702147526,0.0301784611146159,0.9825635496156213,0.05625299847054531,1.372668241675699,0.09106812029045402,1.48564367160497,0.03856153781666475,0.7318300664768468,0.03483569193870509,0.6690642315449132,0.0343724115818762
3.4702277389442315e-06,0.9748734770722626,0.030217139182522473,0.9840400639576046,0.056277604126144624,1.3781619878347042,0.08821752923638121,1.4930311875424422,0.03479522363671861,0.7278951417137222,0.03631831611463648,0.6664542801900126,0.035881407112362686
3.4468498597561847e-06,0.9744361738475472,0.03008083549345205,0.9848615051398908,0.056650575186051065,1.3824531243942455,0.08800630243050957,1.4992300365859432,0.033967149622039984,0.7233089294541823,0.03702028913010739,0.6633405526300046,0.03721812524047097
3.423384214329417e-06,0.9734091588416867,0.03016648521727554,0.9853602693822422,0.05719119808899525,1.3824402876117903,0.0844598443231326,1.4997895740385965,0.03102965270876784,0.7221569734252851,0.03952012255829402,0.6636804566707655,0.03988089191439106
3.399834895390086e-06,0.9730252084132612,0.030049967736834722,0.9847289902265636,0.05810889591589073,1.3839647107475344,0.08431662675259727,1.5027613436108043,0.030514365677380955,0.720950465901715,0.041051025121857924,0.6629667934856779,0.041365406861240836
3.3762059956643498e-06,0.9726902293276634,0.03002327428142608,0.9818528293259816,0.059730963124451274,1.3819457463768727,0.0830813514482439,1.5031473109935722,0.028615783030999948,0.720627970356515,0.043843700105957506,0.6624745681071265,0.04383356180096061
3.352501835252042e-06,0.972508751947629,0.030184062280538677,0.9781697755351053,0.06163837127032949,1.38616682867425,0.08222991793651885,1.5101957458525574,0.027478348671890022,0.7176198112114265,0.047200824649812685,0.6597901295213578,0.04750482604331783
3.328726734252996e-06,0.9724754844157386,0.030539506146866586,0.9748804574738579,0.06271186779552004,1.4008231414711518,0.08127096669837118,1.5262304133486377,0.02641298670998585,0.7127443597283232,0.04871961398631324,0.6551721956937084,0.04944155871605995
3.3048852401407203e-06,0.9724908897949067,0.030522617588247123,0.9716070492212934,0.0638148365209402,1.4108615704277097,0.07919237171917419,1.53911522234366,0.026500180748838767,0.7091396563088408,0.05063873983711301,0.6510992490197505,0.051152697789294
3.280982355136075e-06,0.9718607365589049,0.030858553318644368,0.9686916238104708,0.06533969730322019,1.4200403410565312,0.07893701899183798,1.5510313501523325,0.028839855041177156,0.7044568805829543,0.0520330140547377,0.6458844120345482,0.053057825819505126
3.25702308145992e-06,0.9707471957319103,0.03159994043612289,0.9668910678249636,0.06503644406945393,1.4348912757154157,0.07638062575181638,1.5674130219823355,0.03327346281483489,0.7005033984603511,0.053772686778378515,0.6422418640424623,0.053715174566169685
3.2330119665857637e-06,0.9692066971236699,0.03256872144030428,0.9679897633129357,0.06304468711450496,1.4638348995268409,0.07407922810846324,1.5887351177574907,0.04141336543179653,0.6918356085863668,0.05142621391612887,0.6350719367510753,0.048354161793630245
3.208954922229168e-06,0.968481445659942,0.03371671686156135,0.9726794370245708,0.06133085204921432,1.4804059357333426,0.06995984438530861,1.6050946538179,0.0423599653146833,0.6864453487380546,0.050084812488400625,0.6310246146019871,0.04310299185948665
3.184856723237317e-06,0.9679771346810779,0.0344390707711526,0.9817254316115147,0.060076859028799355,1.4816471128292765,0.06517008536901206,1.618205899287835,0.034186533861458916,0.6826714350291766,0.049582713417395244,0.6277351114406932,0.03998977237436069
3.160723053952097e-06,0.9675006792428893,0.0353389230317706,0.9888372399798089,0.05968627273290332,1.480977678939556,0.060458601177219,1.6315107952970243,0.022337236200372344,0.6796028522557254,0.050180091791941,0.6237458528188742,0.040052183025242966
3.1365600534627447e-06,0.966836187853427,0.03598259182428816,0.988941919777118,0.06027726690807098,1.5054711866526171,0.06416635869937998,1.6646460273952512,0.024095222706205875,0.6662185418916686,0.048739883430708654,0.6107946351454276,0.03897901200952624
3.1123729513637954e-06,0.9661055396161427,0.036720937761985706,0.9849557918542886,0.0611189251512761,1.539278393429262,0.0671485089466977,1.6960929601755685,0.02965456027490416,0.6516507802503475,0.04870308389007166,0.5982441960682627,0.03886344621947331
3.0881681141181616e-06,0.9643269634638036,0.03728483491996845,0.9840122881952207,0.06119619450741704,1.5687159211335149,0.07060349412450477,1.7258798783014502,0.03876146027579225,0.6419716442892289,0.046973754657412915,0.5886344403708924,0.03557002617280143
3.06395168081508e-06,0.9627749315229004,0.038735397466703486,0.9942366227124422,0.06183953946121094,1.5614084247321136,0.07034300580611806,1.7170735749143664,0.0445899152122225,0.6446476236495147,0.04801959642900677,0.5890031780614307,0.03361027835654973
3.0397300179174636e-06,0.9616587520802045,0.04032155485033496,1.0077011171642731,0.06650770050864309,1.5214191153800596,0.06950367145900582,1.6716963977624846,0.05328264884516345,0.6534163605283926,0.0557679503306264,0.597268348755564,0.037357823655205576
3.0155092645145487e-06,0.9629680664720655,0.04189036134804246,1.0157066772951688,0.07417212510066207,1.4737299774012875,0.07274476197185367,1.6283368178530644,0.06621899883827363,0.667613334838456,0.06582676269884499,0.6098291138702023,0.04622195622050198
2.9912964691902744e-06,0.9645957460357388,0.04303991861251887,1.0221607103067245,0.0826653037085789,1.4297600429549129,0.08046226247338138,1.5913237375947795,0.08195491308229345,0.6828338565131593,0.0740987406778659,0.624462082066036,0.055348676975340586
2.9670982257812284e-06,0.9667670031170652,0.043898622324768544,1.026417476747629,0.0897160841444313,1.3887697570155089,0.08752842695724768,1.5468761874011565,0.09325338168057432,0.7013342621590064,0.07981386406873806,0.6415242658868396,0.06380954623628751
2.9429215828713495e-06,0.9694424411052374,0.044626309459416855,1.0283623257034358,0.09663399003145552,1.3458059273998226,0.09581115647479763,1.4964902572218985,0.1062161307755888,0.7226003148091078,0.08712751582096237,0.661827105289046,0.07550781771837108
2.9187735890445765e-06,0.9735889046382762,0.04529933039577555,1.0281440530898243,0.10284526942261654,1.297548979481789,0.10717807338182592,1.441382876508865,0.12194802717840715,0.7443374030948203,0.09563083363608571,0.6878434747115643,0.09201169055308986
2.8946615202585235e-06,0.9779418030194469,0.04683955280907472,1.0191288415574202,0.11002738869153643,1.2330555432228683,0.12028641828123496,1.3317200263843731,0.13683738255063643,0.7754695555385172,0.10529464080106185,0.7316278007594332,0.11219005126552532
2.87059287984448e-06,0.9748737639242507,0.04829467055390508,0.9879213516409853,0.11253914646092462,1.1488350799928206,0.13921214515789954,1.1674413957256549,0.1608875988752321,0.8205468545442416,0.11322818239200355,0.8193251375396241,0.13326401414051195
2.8465749437600607e-06,0.9670312389365225,0.07648605353810368,0.9276869169577155,0.08067716266264888,1.0423574535459537,0.14109674518482024,0.9717728017113934,0.18030960668941198,0.9026728376133462,0.1001516404384207,0.9890529320036698,0.087706461686047
2.8226156700839056e-06,0.967532843807713,0.17099405269432208,0.9298917177990218,0.05759450828052243,1.1448857459016724,0.1343087099575195,1.0545452306903638,0.15208546513457272,0.7939009488575285,0.08584111955871226,0.9232943347301457,0.12054228812120789
2.7987232442683307e-06,0.9902671134057663,0.2615392332921341,0.963221045589445,0.14464461057398373,1.4928714703677533,0.5566598395365596,1.4359064748058183,0.7582916051271261,0.6324096414524396,0.16834776400709262,0.6509857090258091,0.16495368045314598
